Saint-Denis;Observatoire;Gare Saint-Roch;Rondelet;Nouveau Saint-Roch;Saint-Martin;Restanque;Garcia Lorca;La Rauze;Georges Frêche - Hôtel de Ville;Rives du Lez;Place de l'Europe;Pompignane;Les Aubes;Corum;Louis Blanc;Place Albert 1er
6:17;6:19;6:20;6:21;6:23;6:27;6:28;6:30;6:31;6:35;6:38;6:39;6:41;6:44;6:47;6:48;6:50
6:37;6:39;6:40;6:41;6:43;6:46;6:47;6:49;6:50;6:53;6:56;6:57;6:58;7:01;7:04;7:05;7:07
6:57;6:59;7:00;7:01;7:03;7:06;7:07;7:09;7:10;7:13;7:16;7:17;7:18;7:21;7:24;7:25;7:27
7:17;7:19;7:20;7:21;7:23;7:26;7:27;7:29;7:30;7:33;7:36;7:37;7:38;7:41;7:44;7:45;7:47
7:37;7:39;7:40;7:41;7:43;7:46;7:47;7:49;7:50;7:53;7:56;7:57;7:58;8:01;8:04;8:05;8:07
7:57;7:59;8:00;8:01;8:03;8:06;8:07;8:09;8:10;8:13;8:16;8:17;8:18;8:21;8:24;8:25;8:27
8:17;8:19;8:20;8:21;8:23;8:26;8:27;8:29;8:30;8:33;8:36;8:37;8:38;8:41;8:44;8:45;8:47
8:37;8:39;8:40;8:41;8:43;8:46;8:47;8:49;8:50;8:53;8:56;8:57;8:58;9:01;9:04;9:05;9:07
8:57;8:59;9:00;9:01;9:03;9:06;9:07;9:09;9:10;9:13;9:16;9:17;9:18;9:21;9:24;9:25;9:27
9:17;9:19;9:20;9:21;9:23;9:26;9:27;9:29;9:30;9:33;9:36;9:37;9:38;9:41;9:44;9:45;9:47
9:37;9:39;9:40;9:41;9:43;9:46;9:47;9:49;9:50;9:53;9:56;9:57;9:58;10:01;10:04;10:05;10:07
9:57;9:59;10:00;10:01;10:03;10:06;10:07;10:09;10:10;10:13;10:16;10:17;10:18;10:21;10:24;10:25;10:27
10:17;10:19;10:20;10:21;10:23;10:26;10:27;10:29;10:30;10:33;10:36;10:37;10:38;10:41;10:44;10:45;10:47
10:37;10:39;10:40;10:41;10:43;10:46;10:47;10:49;10:50;10:53;10:56;10:57;10:58;11:01;11:04;11:05;11:07
10:57;10:59;11:00;11:01;11:03;11:06;11:07;11:09;11:10;11:13;11:16;11:17;11:18;11:21;11:24;11:25;11:27
11:17;11:19;11:20;11:21;11:23;11:26;11:27;11:29;11:30;11:33;11:36;11:37;11:38;11:41;11:44;11:45;11:47
11:37;11:39;11:40;11:41;11:43;11:46;11:47;11:49;11:50;11:53;11:56;11:57;11:58;12:01;12:04;12:05;12:07
11:57;11:59;12:00;12:01;12:03;12:06;12:07;12:09;12:10;12:13;12:16;12:17;12:18;12:21;12:24;12:25;12:27
12:17;12:19;12:20;12:21;12:23;12:26;12:27;12:29;12:30;12:33;12:36;12:37;12:38;12:41;12:44;12:45;12:47
12:37;12:39;12:40;12:41;12:43;12:46;12:47;12:49;12:50;12:53;12:56;12:57;12:58;13:01;13:04;13:05;13:07
12:57;12:59;13:00;13:01;13:03;13:06;13:07;13:09;13:10;13:13;13:16;13:17;13:18;13:21;13:24;13:25;13:27
13:17;13:19;13:20;13:21;13:23;13:26;13:27;13:29;13:30;13:33;13:36;13:37;13:38;13:41;13:44;13:45;13:47
13:37;13:39;13:40;13:41;13:43;13:46;13:47;13:49;13:50;13:53;13:56;13:57;13:58;14:01;14:04;14:05;14:07
13:57;13:59;14:00;14:01;14:03;14:06;14:07;14:09;14:10;14:13;14:16;14:17;14:18;14:21;14:24;14:25;14:27
14:17;14:19;14:20;14:21;14:23;14:26;14:27;14:29;14:30;14:33;14:36;14:37;14:38;14:41;14:44;14:45;14:47
14:37;14:39;14:40;14:41;14:43;14:46;14:47;14:49;14:50;14:53;14:56;14:57;14:58;15:01;15:04;15:05;15:07
14:57;14:59;15:00;15:01;15:03;15:06;15:07;15:09;15:10;15:13;15:16;15:17;15:18;15:21;15:24;15:25;15:27
15:17;15:19;15:20;15:21;15:23;15:26;15:27;15:29;15:30;15:33;15:36;15:37;15:38;15:41;15:44;15:45;15:47
15:37;15:39;15:40;15:41;15:43;15:46;15:47;15:49;15:50;15:53;15:56;15:57;15:58;16:01;16:04;16:05;16:07
15:57;15:59;16:00;16:01;16:03;16:06;16:07;16:09;16:10;16:13;16:16;16:17;16:18;16:21;16:24;16:25;16:27
16:17;16:19;16:20;16:21;16:23;16:26;16:27;16:29;16:30;16:33;16:36;16:37;16:38;16:41;16:44;16:45;16:47
16:37;16:39;16:40;16:41;16:43;16:46;16:47;16:49;16:50;16:53;16:56;16:57;16:58;17:01;17:04;17:05;17:07
16:57;16:59;17:00;17:01;17:03;17:06;17:07;17:09;17:10;17:13;17:16;17:17;17:18;17:21;17:24;17:25;17:27
17:17;17:19;17:20;17:21;17:23;17:26;17:27;17:29;17:30;17:33;17:36;17:37;17:38;17:41;17:44;17:45;17:47
17:37;17:39;17:40;17:41;17:43;17:46;17:47;17:49;17:50;17:53;17:56;17:57;17:58;18:01;18:04;18:05;18:07
17:57;17:59;18:00;18:01;18:03;18:06;18:07;18:09;18:10;18:13;18:16;18:17;18:18;18:21;18:24;18:25;18:27
18:17;18:19;18:20;18:21;18:23;18:26;18:27;18:29;18:30;18:33;18:36;18:37;18:38;18:41;18:44;18:45;18:47
18:37;18:39;18:40;18:41;18:43;18:46;18:47;18:49;18:50;18:53;18:56;18:57;18:58;19:01;19:04;19:05;19:07
18:57;18:59;19:00;19:01;19:03;19:06;19:07;19:09;19:10;19:13;19:16;19:17;19:18;19:21;19:24;19:25;19:27
19:17;19:19;19:20;19:21;19:23;19:26;19:27;19:29;19:30;19:33;19:36;19:37;19:38;19:41;19:44;19:45;19:47
19:37;19:39;19:40;19:41;19:43;19:46;19:47;19:49;19:50;19:53;19:56;19:57;19:58;20:01;20:04;20:05;20:07
19:57;19:59;20:00;20:01;20:03;20:06;20:07;20:09;20:10;20:13;20:16;20:17;20:18;20:21;20:24;20:25;20:27
20:17;20:19;20:20;20:21;20:23;20:26;20:27;20:29;20:30;20:33;20:36;20:37;20:38;20:41;20:44;20:45;20:47
20:37;20:39;20:40;20:41;20:43;20:46;20:47;20:49;20:50;20:53;20:56;20:57;20:58;21:01;21:04;21:05;21:07
20:57;20:59;21:00;21:01;21:03;21:06;21:07;21:09;21:10;21:13;21:16;21:17;21:18;21:21;21:24;21:25;21:27
21:17;21:19;21:20;21:21;21:23;21:26;21:27;21:29;21:30;21:33;21:36;21:37;21:38;21:41;21:44;21:45;21:47
21:37;21:39;21:40;21:41;21:43;21:46;21:47;21:49;21:50;21:53;21:56;21:57;21:58;22:01;22:04;22:05;22:07
21:57;21:59;22:00;22:01;22:03;22:06;22:07;22:09;22:10;22:13;22:16;22:17;22:18;22:21;22:24;22:25;22:27
22:17;22:19;22:20;22:21;22:23;22:26;22:27;22:29;22:30;22:33;22:36;22:37;22:38;22:41;22:44;22:45;22:47
22:37;22:39;22:40;22:41;22:43;22:46;22:47;22:49;22:50;22:53;22:56;22:57;22:58;23:01;23:04;23:05;23:07
22:57;22:59;23:00;23:01;23:03;23:06;23:07;23:09;23:10;23:13;23:16;23:17;23:18;23:21;23:24;23:25;23:27
23:17;23:19;23:20;23:21;23:23;23:26;23:27;23:29;23:30;23:33;23:36;23:37;23:38;23:41;23:44;23:45;23:47
23:37;23:39;23:40;23:41;23:43;23:46;23:47;23:49;23:50;23:53;23:56;23:57;23:58;0:01;0:04;0:05;0:07
23:57;23:59;0:00;0:01;0:03;0:06;0:07;0:09;0:10;0:13;0:16;0:17;0:18;0:21;0:24;0:25;0:27
0:17;0:19;0:20;0:21;0:23;0:26;0:27;0:29;0:30;0:33;0:36;0:37;0:38;0:41;0:44;0:45;0:47
0:37;0:39;0:40;0:41;0:43;0:46;0:47;0:49;0:50;0:53;0:56;0:57;0:58;1:01;1:04;1:05;1:07
0:57;0:59;1:00;1:01;1:03;1:06;1:07;1:09;1:10;1:13;1:16;1:17;1:18;1:21;1:24;1:25;1:27
